"id","submitted","updated","title","abstract","authors","affiliations","link_abstract","link_pdf","link_doi","comment","journal_ref","doi","primary_category","categories"
"2603.06562v1","2026-03-06 18:49:18","2026-03-06 18:49:18","Radio-Frequency Side-Channel Analysis of a Trapped-Ion Quantum Computer","Analogously to classical computers, quantum processors exhibit side channels that may give attackers access to potentially proprietary algorithms. We identify and exploit a previously unexplored side channel in trapped-ion quantum processors that arises from the radio-frequency (RF) signals used to modulate lasers for ion cooling, gate execution, and readout. In these quantum processors, acousto-optical modulators (AOMs) imprint phase and frequency modulations onto laser fields interacting with the ions to implement individual and collective unitaries. The AOMs are driven by strong RF signals, a fraction of which leaks out of the device. We discuss general strategies to exploit this side channel and demonstrate how to detect RF leakage from a state-of-the-art qudit-based quantum processor using off-the-shelf components. From this data, we extract pulse characteristics of single-ion and entangling gates, thereby implementing a proof-of-principle exploitation of the novel attack vector. Finally, we outline ways to mitigate the information leakage through the presented side channel.","Giorgio Grigolo|Dorian Schiffer|Lukas Gerster|Martin Ringbauer|Paul Erker","","https://arxiv.org/abs/2603.06562v1","https://arxiv.org/pdf/2603.06562v1","","11 pages, 8 figures, 1 table","","","quant-ph","quant-ph|cs.CR"
"2603.06540v1","2026-03-06 18:28:10","2026-03-06 18:28:10","Proteus: A Practical Framework for Privacy-Preserving Device Logs","Device logs are essential for forensic investigations, enterprise monitoring, and fraud detection; however, they often leak personally identifiable information (PII) when exported for third-party analysis. Existing approaches either fail to minimize PII exposure across all stages of log collection and analysis or sacrifice data fidelity, resulting in less effective analysis. We present Proteus, a privacy-preserving device logging framework that enables forensic analysis without disclosing plaintext PII or compromising fidelity, even when facing adversaries with access to multiple snapshots of the log files. To achieve this, Proteus proposes a two-layer scheme that employs keyed-hash pseudonymization of PII fields and time-rotating encryption with ratcheted ephemeral keys to prevent multi-snapshot correlation. For controlled sharing, clients export ratchet states that grant time-bounded access, permitting decryption of pseudonymized tokens that enable linkage and timeline reconstruction without exposing the underlying PII. Subsequent ratchet rotations ensure forward secrecy, while DICE-based attestation authenticates device provenance. We implement Proteus as a transparent extension to Android's logcat and evaluate it across three generations of hardware. Our results demonstrate a median latency of 0.2 ms per message and an average per-PII-field size overhead of only 97.1 bytes.","Sanket Goutam|Hunter Kippen|Mike Grace|Amir Rahmati","","https://arxiv.org/abs/2603.06540v1","https://arxiv.org/pdf/2603.06540v1","","","","","cs.CR","cs.CR"
"2603.06422v1","2026-03-06 15:58:30","2026-03-06 15:58:30","Before You Hand Over the Wheel: Evaluating LLMs for Security Incident Analysis","Security incident analysis (SIA) poses a major challenge for security operations centers, which must manage overwhelming alert volumes, large and diverse data sources, complex toolchains, and limited analyst expertise. These difficulties intensify because incidents evolve dynamically and require multi-step, multifaceted reasoning. Although organizations are eager to adopt Large Language Models (LLMs) to support SIA, the absence of rigorous benchmarking creates significant risks for assessing their effectiveness and guiding design decisions. Benchmarking is further complicated by: (i) the lack of an LLM-ready dataset covering a wide spectrum of SIA tasks; (ii) the continual emergence of new tasks reflecting the diversity of analyst responsibilities; and (iii) the rapid release of new LLMs that must be incorporated into evaluations.
  In this paper, we address these challenges by introducing SIABENCH, an agentic evaluation framework for security incident analysis. First, we construct a first-of-its-kind dataset comprising two major SIA task categories: (i) deep analysis workflows for security incidents (25 scenarios) and (ii) alert-triage tasks (135 scenarios). Second, we implement an agent capable of autonomously performing a broad spectrum of SIA tasks (including network and memory forensics, malware analysis across binary/code/PDF formats, phishing email and kit analysis, log analysis, and false-alert detection). Third, we benchmark 11 major LLMs (spanning both open- and closed-weight models) on these tasks, with extensibility to support emerging models and newly added analysis scenarios.","Sourov Jajodia|Madeena Sultana|Suryadipta Majumdar|Adrian Taylor|Grant Vandenberghe","","https://arxiv.org/abs/2603.06422v1","https://arxiv.org/pdf/2603.06422v1","","","","","cs.CR","cs.CR"
"2603.06388v1","2026-03-06 15:37:04","2026-03-06 15:37:04","Comparative Analysis of Cross-Chain Token Standards","Cross-chain token standards enable fungible tokens that exist across multiple blockchains with a unified total supply model. This paper presents a comprehensive comparative analysis of five leading cross-chain token standards and frameworks: the xERC20 standard (implementing ERC-7281), the Omnichain Fungible Token (OFT) standard, the Native Token Transfers (NTT) framework, the Cross-Chain Token (CCT) standard, and the SuperchainERC20 standard (implementing ERC-7802). We examine each standard's distinguishing properties and technical design, including architecture, message-passing mechanisms, interoperability scope, chain compatibility, and security features. Our analysis reveals that while all these standards share the goal of seamless cross-chain fungibility, they differ significantly in implementation approach, trust model, and target ecosystem.","Fatemeh Heidari Soureshjani|Jan Gorzny","","https://arxiv.org/abs/2603.06388v1","https://arxiv.org/pdf/2603.06388v1","","accepted to CoDecFin 2026 at FC 2026","","","cs.DC","cs.DC|cs.CR"
"2603.06365v1","2026-03-06 15:15:26","2026-03-06 15:15:26","ESAA-Security: An Event-Sourced, Verifiable Architecture for Agent-Assisted Security Audits of AI-Generated Code","AI-assisted software generation has increased development speed, but it has also amplified a persistent engineering problem: systems that are functionally correct may still be structurally insecure. In practice, prompt-based security review with large language models often suffers from uneven coverage, weak reproducibility, unsupported findings, and the absence of an immutable audit trail. The ESAA architecture addresses a related governance problem in agentic software engineering by separating heuristic agent cognition from deterministic state mutation through append-only events, constrained outputs, and replay-based verification. This paper presents ESAA-Security, a domain-specific specialization of ESAA for agent-assisted security auditing of software repositories, with particular emphasis on AI-generated or AI-modified code. ESAA-Security structures auditing as a governed execution pipeline with four phases reconnaissance, domain audit execution, risk classification, and final reporting and operationalizes the workflow into 26 tasks, 16 security domains, and 95 executable checks. The framework produces structured check results, vulnerability inventories, severity classifications, risk matrices, remediation guidance, executive summaries, and a final markdown/JSON audit report. The central idea is that security review should not be modeled as a free-form conversation with an LLM, but as an evidence-oriented audit process governed by contracts and events. In ESAA-Security, agents emit structured intentions under constrained protocols; the orchestrator validates them, persists accepted outputs to an append-only log, reprojects derived views, and verifies consistency through replay and hashing. The result is a traceable, reproducible, and risk-oriented audit architecture whose final report is auditable by construction.","Elzo Brito dos Santos Filho","","https://arxiv.org/abs/2603.06365v1","https://arxiv.org/pdf/2603.06365v1","","Open-source implementation available at: https://github.com/elzobrito/ESAA-Security","","","cs.CR","cs.CR|cs.AI"
"2603.06359v1","2026-03-06 15:10:26","2026-03-06 15:10:26","Tiny, Hardware-Independent, Compression-based Classification","The recent developments in machine learning have highlighted a conflict between online platforms and their users in terms of privacy. The importance of user privacy and the struggle for power over user data has been intensified as regulators and operators attempt to police online platforms. As users have become increasingly aware of privacy issues, client-side data storage, management, and analysis have become a favoured approach to large-scale centralised machine learning. However, state-of-the-art machine learning methods require vast amounts of labelled user data, making them unsuitable for models that reside client-side and only have access to a single user's data. State-of-the-art methods are also computationally expensive, which degrades the user experience on compute-limited hardware and also reduces battery life. A recent alternative approach has proven remarkably successful in classification tasks across a wide variety of data -- using a compression-based distance measure (called normalised compression distance) to measure the distance between generic objects in classical distance-based machine learning methods. In this work, we demonstrate that the normalised compression distance is actually not a metric; develop it for the wider context of kernel methods to allow modelling of complex data; and present techniques to improve the training time of models that use this distance measure. We demonstrate that the normalised compression distance works as well as and sometimes better than other metrics and kernels -- while requiring only marginally more computational costs and in spite of the lack of formal metric properties. The end results is a simple model with remarkable accuracy even when trained on a very small number of samples allowing for models that are small and effective enough to run entirely on a client device using only user-supplied data.","Charles Meyers|Aaron MacSween|Erik Elmroth|Tommy Löfstedt","","https://arxiv.org/abs/2603.06359v1","https://arxiv.org/pdf/2603.06359v1","","","","","cs.LG","cs.LG|cs.CR"
"2603.06326v1","2026-03-06 14:33:43","2026-03-06 14:33:43","Designing Trustworthy Layered Attestations","Attestation means providing evidence that a remote target system is worthy of trust for some sensitive interaction. Although attestation is already used in network access control, security management, and trusted execution environments, it mainly concerns only a few system components. A clever adversary might manipulate these shallow attestations to mislead the relying party.
  Reliable attestations require layering. We construct attestations whose layers report evidence about successive components of the target system. Reliability also requires structuring the target system so only a limited set of components matters.
  We show how to structure an example system for reliable attestations despite a well-defined, relatively strong adversary. It is based on widely available hardware, such as Trusted Platform Modules, and software, such as Linux with SELinux. We isolate our principles in a few maxims that guide system development. We provide a cogent analysis of our mechanisms against our adversary model, as well as an empirical appraisal of the resulting system. We also identify two improvements to the mechanisms so attestation can succeed against strengthened adversaries. The performance burden of our attestation is negligible, circa 1.3 percent.
  After our first example, we vary our application level, and then also its underlying hardware anchor to use confidential computing with AMD's SEV-SNP. The same maxims help us achieve trustworthy attestations.","Will Thomas|Logan Schmalz|Adam Petz|Perry Alexander|Joshua D. Guttman|Paul D. Rowe|James Carter","","https://arxiv.org/abs/2603.06326v1","https://arxiv.org/pdf/2603.06326v1","","40 pages","","","cs.CR","cs.CR"
"2603.06299v1","2026-03-06 14:03:52","2026-03-06 14:03:52","An Integrated Failure and Threat Mode and Effect Analysis (FTMEA) Framework with Quantified Cross-Domain Correlation Factors for Automotive Semiconductors","The automotive industry faces increasing challenges in ensuring both functional safety (FuSa) and cybersecurity for complex semiconductor devices. Traditional Failure Mode and Effects Analysis (FMEA) primarily addresses safety-related failure modes, often overlooking synergistic vulnerabilities and shared consequences with cybersecurity threats. This paper introduces an Integrated Failure and Threat Mode and Effect Analysis (FTMEA) framework that systematically co-analyzes FuSa and cybersecurity. A cornerstone of this framework is the introduction of rigorously defined Cross-Domain Correlation Factors (CDCFs), which quantify the interdependencies and mutual influences between safety-related failures and cybersecurity threats. These factors are derived from a combination of structured expert knowledge, static structural analysis metrics (e.g., Controllability/Observability), and validated against empirical data from fault/attack injection campaigns. We propose a modified Risk Priority Number (RPN) calculation that systematically integrates these correlation factors, enabling a more accurate and transparent prioritization of risks that span both domains. A detailed case study involving an automotive ASIC configuration register proves the practical application of the FTMEA. We present explicit mapping tables, quantitative CDCF values, and a comparative analysis against a baseline FMEA/TARA (Threat Analysis and Risk Assessment), illustrating how the integrated approach uncovers previously masked cross-domain risks, improves mitigation strategy effectiveness, and provides a clear quantitative justification for the derived correlation values. This framework offers a unified, traceable, methodology for risk assessment in critical automotive systems, thereby overcoming the limitations of conventional analyses and promoting optimized, cross-disciplinary development.","Antonino Armato|Marzana Khatun|Sebastian Fischer","","https://arxiv.org/abs/2603.06299v1","https://arxiv.org/pdf/2603.06299v1","","12 pages, 10 figures","","","cs.CR","cs.CR|cs.AR"
"2603.06263v1","2026-03-06 13:27:36","2026-03-06 13:27:36","SPOILER: TEE-Shielded DNN Partitioning of On-Device Secure Inference with Poison Learning","Deploying deep neural networks (DNNs) on edge devices exposes valuable intellectual property to model-stealing attacks. While TEE-shielded DNN partitioning (TSDP) mitigates this by isolating sensitive computations, existing paradigms fail to simultaneously satisfy privacy and efficiency. The training-before-partition paradigm suffers from intrinsic privacy leakage, whereas the partition-before-training paradigm incurs severe latency due to structural dependencies that hinder parallel execution. To overcome these limitations, we propose SPOILER, a novel search-before-training framework that fundamentally decouples the TEE sub-network from the backbone via hardware-aware neural architecture search (NAS). SPOILER identifies a lightweight TEE architecture strictly optimized for hardware constraints, maximizing parallel efficiency. Furthermore, we introduce self-poisoning learning to enforce logical isolation, rendering the exposed backbone functionally incoherent without the TEE component. Extensive experiments on CNNs and Transformers demonstrate that SPOILER achieves state-of-the-art trade-offs between security, latency, and accuracy.","Donghwa Kang|Hojun Choe|Doohyun Kim|Hyeongboo Baek|Brent ByungHoon Kang","","https://arxiv.org/abs/2603.06263v1","https://arxiv.org/pdf/2603.06263v1","","17 pages","","","cs.CR","cs.CR"
"2603.06169v1","2026-03-06 11:25:11","2026-03-06 11:25:11","Alkaid: Resilience to Edit Errors in Provably Secure Steganography via Distance-Constrained Encoding","While provably secure steganography provides strong concealment by ensuring stego carriers are indistinguishable from natural samples, such systems remain vulnerable to real-world edit errors (e.g., insertions, deletions, substitutions) because their decoding depends on perfect synchronization and lacks error-correcting capability. To bridge this gap, we propose Alkaid, a provably secure steganographic scheme resilient to edit errors via distance-constrained encoding. The key innovation integrates the minimum distance decoding principle directly into the encoding process by enforcing a strict lower bound on the edit distance between codewords of different messages. Specifically, if two candidate codewords violate this bound, they are merged to represent the same message, thereby guaranteeing reliable recovery. While maintaining provable security, we theoretically prove that Alkaid offers deterministic robustness against bounded errors. To implement this scheme efficiently, we adopt block-wise and batch processing. Extensive experiments demonstrate that Alkaid achieves decoding success rates of 99\% to 100\% across diverse error channels, delivers a payload of 0.2 bits per token for high embedding capacity, and maintains an encoding speed of 6.72 bits per second, significantly surpassing state-of-the-art (SOTA) methods in robustness, capacity, and efficiency.","Zhihan Cao|Gaolei Li|Jun Wu|Jianhua Li|Hang Zhang|Mingzhe Chen","","https://arxiv.org/abs/2603.06169v1","https://arxiv.org/pdf/2603.06169v1","","","","","cs.CR","cs.CR|cs.IT|cs.MM"
"2603.06149v1","2026-03-06 10:59:31","2026-03-06 10:59:31","PQC-LEO: An Evaluation Framework for Post-Quantum Cryptographic Algorithms","Advances in quantum computing threaten digital communication security by undermining the foundations of current public-key cryptography through Shor's quantum algorithm. This has driven the development of Post-Quantum Cryptography (PQC), a new set of algorithms resistant to quantum attacks. While NIST has standardised several PQC schemes, challenges remain in their adoption. This paper introduces the PQC-LEO framework, a benchmarking suite designed to automate the evaluation of PQC computational and networking performance across x86 and ARM architectures. A proof-of-concept evaluation was conducted to demonstrate the framework's capabilities and highlight its application in supporting ongoing research on the adoption of PQC algorithms. The results show that there is a greater performance reduction in implementing PQC methods with higher security on ARM architectures than on the x86 architecture.","Callum Turino|William J Buchanan|Owen Lo|Christoph Thuummler","","https://arxiv.org/abs/2603.06149v1","https://arxiv.org/pdf/2603.06149v1","https://doi.org/10.1109/TPS-ISA67132.2025.00033","","2025 IEEE 7th International Conference on Trust, Privacy and Security in Intelligent Systems, and Applications (TPS-ISA)","10.1109/TPS-ISA67132.2025.00033","cs.CR","cs.CR"
"2603.06051v1","2026-03-06 09:04:32","2026-03-06 09:04:32","A LINDDUN-based Privacy Threat Modeling Framework for GenAI","As generative AI (GenAI) systems become increasingly prevalent across various technological stacks, the question of how such systems handle sensitive and personal data flows becomes increasingly important. Specifically, both the ability to harness and process large swaths of information as well as their stochastic nature raise key concerns related to both security and privacy. Unfortunately, while some of the traditional security threat modeling can effectively identify certain violations, privacy-related issues are often overlooked. To respond to these challenges, we introduce a novel domain-specific privacy threat modeling framework to support the privacy threat analysis of GenAI-based applications. This framework is constructed through a two-pronged approach: (1) a systematic review of the emerging literature on GenAI privacy threats, and (2) a case-driven application to a representative Chatbot system. These efforts yield a foundational GenAI privacy threat modeling framework built on LINDDUN. The new framework affects three out of the seven privacy threat types of LINDDUN and introduces 100 new GenAI examples to the knowledge base. Its effectiveness is validated on an AI Agent system, which demonstrates that a comprehensive privacy analysis can be supported by the new framework.","Qianying Liao|Jonah Bellemans|Laurens Sion|Xue Jiang|Dmitrii Usynin|Xuebing Zhou|Dimitri Van Landuyt|Lieven Desmet|Wouter Joosen","","https://arxiv.org/abs/2603.06051v1","https://arxiv.org/pdf/2603.06051v1","","21 pages, 5 figures","","","cs.CR","cs.CR|cs.SE"
"2603.06029v1","2026-03-06 08:28:44","2026-03-06 08:28:44","When Specifications Meet Reality: Uncovering API Inconsistencies in Ethereum Infrastructure","The Ethereum ecosystem, which secures over $381 billion in assets, fundamentally relies on client APIs as the sole interface between users and the blockchain. However, these critical APIs suffer from widespread implementation inconsistencies, which can lead to financial discrepancies, degraded user experiences, and threats to network reliability. Despite this criticality, existing testing approaches remain manual and incomplete: they require extensive domain expertise, struggle to keep pace with Ethereum's rapid evolution, and fail to distinguish genuine bugs from acceptable implementation variations. We present APIDiffer, the first specification-guided differential testing framework designed to automatically detect API inconsistencies across Ethereum's diverse client ecosystem. APIDiffer transforms API specifications into comprehensive test suites through two key innovations: (1) specification-guided test input generation that creates both syntactically valid and invalid requests enriched with real-time blockchain data, and (2) specification-aware false positive filtering that leverages large language models to distinguish genuine bugs from acceptable variations. Our evaluation across all 11 major Ethereum clients reveals the pervasiveness of API bugs in production systems. APIDiffer uncovered 72 bugs, with 90.28% already confirmed or fixed by developers. Beyond these raw numbers, APIDiffer achieves up to 89.67% higher code coverage than existing tools and reduces false positive rates by 37.38%. The Ethereum community's response validates our impact: developers have integrated our test cases, expressed interest in adopting our methodology, and escalated one bug to the official Ethereum Project Management meeting.","Jie Ma|Ningyu He|Jinwen Xi|Mingzhe Xing|Liangxin Liu|Jiushenzi Luo|Xiaopeng Fu|Chiachih Wu|Haoyu Wang|Ying Gao|Yinliang Yue","","https://arxiv.org/abs/2603.06029v1","https://arxiv.org/pdf/2603.06029v1","https://doi.org/10.1145/3798219","To appear in OOPSLA'26","","10.1145/3798219","cs.SE","cs.SE|cs.CR"
"2603.05989v1","2026-03-06 07:42:33","2026-03-06 07:42:33","SemFuzz: A Semantics-Aware Fuzzing Framework for Network Protocol Implementations","Network protocols are the foundation of modern communication, yet their implementations often contain semantic vulnerabilities stemming from inadequate understanding of specification semantics. Existing gray-box and black-box testing approaches lack semantic modeling of protocols, making it difficult to precisely express testing intent and cover boundary conditions. Moreover, they typically rely on coarse-grained oracles such as crashes, which are inadequate for identifying deep semantic vulnerabilities. To address these limitations, we present a semantics-aware fuzzing framework, SemFuzz. The framework leverages large language models to extract structured semantic rules from RFC documents and generates test cases that intentionally violate these rules to encode specific testing intents. It then detects deep semantic vulnerabilities by comparing the observed responses with the expected ones. Evaluation on seven widely deployed protocol implementations shows that SemFuzz identified sixteen potential vulnerabilities, ten of which have been confirmed. Among the confirmed vulnerabilities, five were previously unknown and four have been assigned CVEs. These results demonstrate the effectiveness of SemFuzz in detecting semantic vulnerabilities.","Yanbang Sun|Quan Luo|Yuelin Wang|Qian Chen|Benjin Liu|Ruiqi Chen|Qing Huang|Xiaohong Li|Junjie Wang","","https://arxiv.org/abs/2603.05989v1","https://arxiv.org/pdf/2603.05989v1","","","","","cs.CR","cs.CR|cs.CY"
"2603.05978v1","2026-03-06 07:20:41","2026-03-06 07:20:41","Statistical Analysis and Optimization of the MFA Protecting Private Keys","In the current information age, asymmetrical cryptography is widely used to protect information and financial transactions such as cryptocurrencies. The loss of private keys can have catastrophic consequences; therefore, effective MFA schemes are needed. In this paper, we focus on generating ephemeral keys to protect private keys. We propose a novel bit-truncation method in which the most significant bits (MSBs) of response values derived from facial features in a template-less biometric scheme are removed, significantly improving both accuracy and security. A statistical analysis is presented to optimize an MFA comprising at least three factors: template-less biometrics, an SRAM PUF-based token, and passwords. The results show a reduction in both false-reject and false-acceptance rates, and the generation of error-free ephemeral keys.","Mahafujul Alam|Julie B. Heynssens|Bertrand Francis Cambou","","https://arxiv.org/abs/2603.05978v1","https://arxiv.org/pdf/2603.05978v1","https://doi.org/10.1109/CCNC65079.2026.11366526","12 pages, 4 figures, 1 table","","10.1109/CCNC65079.2026.11366526","cs.CR","cs.CR"
"2603.05915v1","2026-03-06 05:07:53","2026-03-06 05:07:53","ThermoCAPTCHA: Privacy-Preserving Human Verification with Farm-Resistant Traceable Tokens","CAPTCHAs remain a critical defense against automated abuse, yet modern systems suffer from well-known limitations in usability, accessibility, and resistance to increasingly capable bots and low-cost CAPTCHA farms. Behavioral and puzzle-based mechanisms often impose cognitive burdens, collect extensive interaction data, or permit outsourcing to human solvers. In this paper, we present ThermoCAPTCHA, a novel privacy-preserving human verification system that uses real-time thermal imaging to detect live human presence without requiring users to solve challenges. A lightweight YOLOv4-tiny model identifies human heat signatures from a single thermal capture, while cryptographically bound traceable tokens prevent forwarding attacks by CAPTCHA farm workers. Our prototype achieves 96.70% detection accuracy with a 73.60 ms verification latency on a low-powered server. Comprehensive security evaluation, including MITM manipulation, spoofing attempts, adversarial perturbations, and misuse scenarios, shows that ThermoCAPTCHA withstands threats that commonly defeat behavioral CAPTCHAs. A user study with 50 participants, including visually challenged users, demonstrates improved accuracy, faster completion times, and higher perceived usability compared to reCAPTCHA v2.","Shovon Paul|Md Imran Hossen|Xiali Hei","","https://arxiv.org/abs/2603.05915v1","https://arxiv.org/pdf/2603.05915v1","","18 pages, 17 figures. Submitted manuscript","","","cs.CR","cs.CR"
"2603.05872v1","2026-03-06 03:47:07","2026-03-06 03:47:07","Evolving Deception: When Agents Evolve, Deception Wins","Self-evolving agents offer a promising path toward scalable autonomy. However, in this work, we show that in competitive environments, self-evolution can instead give rise to a serious and previously underexplored risk: the spontaneous emergence of deception as an evolutionarily stable strategy. We conduct a systematic empirical study on the self-evolution of large language model (LLM) agents in a competitive Bidding Arena, where agents iteratively refine their strategies through interaction-driven reflection. Across different evolutionary paths (\eg, Neutral, Honesty-Guided, and Deception-Guided), we find a consistent pattern: under utility-driven competition, unconstrained self-evolution reliably drifts toward deceptive behaviors, even when honest strategies remain viable. This drift is explained by a fundamental asymmetry in generalization. Deception evolves as a transferable meta-strategy that generalizes robustly across diverse and unseen tasks, whereas honesty-based strategies are fragile and often collapse outside their original contexts. Further analysis of agents internal states reveals the emergence of rationalization mechanisms, through which agents justify or deny deceptive actions to reconcile competitive success with normative instructions. Our paper exposes a fundamental tension between agent self-evolution and alignment, highlighting the risks of deploying self-improving agents in adversarial environments.","Zonghao Ying|Haowen Dai|Tianyuan Zhang|Yisong Xiao|Quanchen Zou|Aishan Liu|Jian Yang|Yaodong Yang|Xianglong Liu","","https://arxiv.org/abs/2603.05872v1","https://arxiv.org/pdf/2603.05872v1","","","","","cs.CR","cs.CR"
"2603.05858v1","2026-03-06 03:31:12","2026-03-06 03:31:12","Indoor Space Authentication by ISS-based Keypoint Extraction from 3D Point Clouds","We propose ISS-RegAuth, a lightweight indoor space authentication framework that authenticates a user by comparing LiDAR captures of personal rooms. Prior work processes every point in the cloud, where planar surfaces such as walls and floors dominate similarity calculations, causing latency and potential privacy exposure. In contrast, ISS-RegAuth retains only 1-2\% of Intrinsic Shape Signatures (ISS) keypoints, computes their Fast Point Feature Histograms, and performs RANSAC and ICP on this sparse set. On 100 ARKitScenes pairs, this approach reduces the equal-error rate from 0.02 to 0.00, cuts processing time by 20\%, and lowers transmitted data to 2.2\% of the original. These results show that keypoint-based sparse representation can make privacy-preserving, edge-deployable indoor space authentication practical. As an early step, this work opens a path toward device-independent authentication and account-recovery mechanisms that rely on users' physical environments.","Yuki Yamada|Daisuke Kotani|Kota Tsubouchi|Hidehito Gomi|Yasuo Okabe","","https://arxiv.org/abs/2603.05858v1","https://arxiv.org/pdf/2603.05858v1","","Accepted in IEEE PerCom 2026 as a Work-in-Progress paper","","","cs.CR","cs.CR"
"2603.05791v1","2026-03-06 00:52:49","2026-03-06 00:52:49","A Quantization-Aware Training Based Lightweight Method for Neural Distinguishers","In 2019, Gohr pioneered the application of deep neural networks to differential cryptanalysis, developing DNN-based neural distinguisher classifiers to analyze the SPECK lightweight block cipher. Unlike traditional differential analysis, which relies on Boolean operations on 0-1 sequences, neural distinguishers extract continuous features, introducing 32-bit multiplications operations that increase complexity and potential redundancy. This study proposes a lightweight neural distinguisher based on quantization-aware training. Leveraging learnable step-size quantization, the model's weights are quantized to 1.58 bits, enabling the replacement of all convolutional multiplication operations with Boolean logic. Additionally, the ReLU activation function is reimplemented as a comparison-based indicator function. This transforms the original 32-bit multiplication-dependent architecture into a lightweight structure composed solely of Boolean operations, additions, and indicator functions. Experimental results confirm significant computational complexity reduction. Owing to a high proportion of zero-valued weights, the total operations amount to just 13.9% of Gohr's model. Critically, the most costly 32-bit multiplications are eliminated, with classification accuracy dropping by only 2.87%. When applied exclusively to the initial convolutional layer, the 128 1-by-1 convolutions are replaced with 4 Boolean operations on 16-bit sequences, incurring a negligible 0.3% accuracy loss.","Guangwei Xiong|Linyuan Wang|Zhizhong Zheng|Senbao Hou|Bin Yan","","https://arxiv.org/abs/2603.05791v1","https://arxiv.org/pdf/2603.05791v1","","","","","cs.CR","cs.CR"
"2603.05786v1","2026-03-06 00:34:14","2026-03-06 00:34:14","Proof-of-Guardrail in AI Agents and What (Not) to Trust from It","As AI agents become widely deployed as online services, users often rely on an agent developer's claim about how safety is enforced, which introduces a threat where safety measures are falsely advertised. To address the threat, we propose proof-of-guardrail, a system that enables developers to provide cryptographic proof that a response is generated after a specific open-source guardrail. To generate proof, the developer runs the agent and guardrail inside a Trusted Execution Environment (TEE), which produces a TEE-signed attestation of guardrail code execution verifiable by any user offline. We implement proof-of-guardrail for OpenClaw agents and evaluate latency overhead and deployment cost. Proof-of-guardrail ensures integrity of guardrail execution while keeping the developer's agent private, but we also highlight a risk of deception about safety, for example, when malicious developers actively jailbreak the guardrail. Code and demo video: https://github.com/SaharaLabsAI/Verifiable-ClawGuard","Xisen Jin|Michael Duan|Qin Lin|Aaron Chan|Zhenglun Chen|Junyi Du|Xiang Ren","","https://arxiv.org/abs/2603.05786v1","https://arxiv.org/pdf/2603.05786v1","","8 pages","","","cs.CR","cs.CR|cs.AI|cs.CL"
"2603.05773v1","2026-03-06 00:14:09","2026-03-06 00:14:09","Knowing without Acting: The Disentangled Geometry of Safety Mechanisms in Large Language Models","Safety alignment is often conceptualized as a monolithic process wherein harmfulness detection automatically triggers refusal. However, the persistence of jailbreak attacks suggests a fundamental mechanistic decoupling. We propose the \textbf{\underline{D}}isentangled \textbf{\underline{S}}afety \textbf{\underline{H}}ypothesis \textbf{(DSH)}, positing that safety computation operates on two distinct subspaces: a \textit{Recognition Axis} ($\mathbf{v}_H$, ``Knowing'') and an \textit{Execution Axis} ($\mathbf{v}_R$, ``Acting''). Our geometric analysis reveals a universal ``Reflex-to-Dissociation'' evolution, where these signals transition from antagonistic entanglement in early layers to structural independence in deep layers. To validate this, we introduce \textit{Double-Difference Extraction} and \textit{Adaptive Causal Steering}. Using our curated \textsc{AmbiguityBench}, we demonstrate a causal double dissociation, effectively creating a state of ``Knowing without Acting.'' Crucially, we leverage this disentanglement to propose the \textbf{Refusal Erasure Attack (REA)}, which achieves State-of-the-Art attack success rates by surgically lobotomizing the refusal mechanism. Furthermore, we uncover a critical architectural divergence, contrasting the \textit{Explicit Semantic Control} of Llama3.1 with the \textit{Latent Distributed Control} of Qwen2.5. The code and dataset are available at https://anonymous.4open.science/r/DSH.","Jinman Wu|Yi Xie|Shen Lin|Shiqian Zhao|Xiaofeng Chen","","https://arxiv.org/abs/2603.05773v1","https://arxiv.org/pdf/2603.05773v1","","","","","cs.CR","cs.CR|cs.AI|cs.LG"
"2603.05772v1","2026-03-06 00:13:48","2026-03-06 00:13:48","Depth Charge: Jailbreak Large Language Models from Deep Safety Attention Heads","Currently, open-sourced large language models (OSLLMs) have demonstrated remarkable generative performance. However, as their structure and weights are made public, they are exposed to jailbreak attacks even after alignment. Existing attacks operate primarily at shallow levels, such as the prompt or embedding level, and often fail to expose vulnerabilities rooted in deeper model components, which creates a false sense of security for successful defense. In this paper, we propose \textbf{\underline{S}}afety \textbf{\underline{A}}ttention \textbf{\underline{H}}ead \textbf{\underline{A}}ttack (\textbf{SAHA}), an attention-head-level jailbreak framework that explores the vulnerability in deeper but insufficiently aligned attention heads. SAHA contains two novel designs. Firstly, we reveal that deeper attention layers introduce more vulnerability against jailbreak attacks. Based on this finding, \textbf{SAHA} introduces \textit{Ablation-Impact Ranking} head selection strategy to effectively locate the most vital layer for unsafe output. Secondly, we introduce a boundary-aware perturbation method, \textit{i.e. Layer-Wise Perturbation}, to probe the generation of unsafe content with minimal perturbation to the attention. This constrained perturbation guarantees higher semantic relevance with the target intent while ensuring evasion. Extensive experiments show the superiority of our method: SAHA improves ASR by 14\% over SOTA baselines, revealing the vulnerability of the attack surface on the attention head. Our code is available at https://anonymous.4open.science/r/SAHA.","Jinman Wu|Yi Xie|Shiqian Zhao|Xiaofeng Chen","","https://arxiv.org/abs/2603.05772v1","https://arxiv.org/pdf/2603.05772v1","","","","","cs.CR","cs.CR|cs.AI"
"2603.05725v1","2026-03-05 22:26:36","2026-03-05 22:26:36","Challenges and Design Considerations for Finding CUDA Bugs Through GPU-Native Fuzzing","Modern computing is shifting from homogeneous CPU-centric systems to heterogeneous systems with closely integrated CPUs and GPUs. While the CPU software stack has benefited from decades of memory safety hardening, the GPU software stack remains dangerously immature. This discrepancy presents a critical ethical challenge: the world's most advanced AI and scientific workloads are increasingly deployed on vulnerable hardware components.
  In this paper, we study the key challenges of ensuring memory safety on heterogeneous systems. We show that, while the number of exploitable bugs in heterogeneous systems rises every year, current mitigation methods often rely on unfaithful translations, i.e., converting GPU programs to run on CPUs for testing, which fails to capture the architectural differences between CPUs and GPUs. We argue that the faithfulness of the program behavior is at the core of secure and reliable heterogeneous systems design. To ensure faithfulness, we discuss several design considerations of a GPU-native fuzzing pipeline for CUDA programs.","Mingkai Li|Joseph Devietti|Suman Jana|Tanvir Ahmed Khan","","https://arxiv.org/abs/2603.05725v1","https://arxiv.org/pdf/2603.05725v1","","Accepted to appear in HotEthics 2026; 6 pages, 1 figure","","","cs.CR","cs.CR"
"2603.05689v1","2026-03-05 21:25:49","2026-03-05 21:25:49","SecureRAG-RTL: A Retrieval-Augmented, Multi-Agent, Zero-Shot LLM-Driven Framework for Hardware Vulnerability Detection","Large language models (LLMs) have shown remarkable capabilities in natural language processing tasks, yet their application in hardware security verification remains limited due to scarcity of publicly available hardware description language (HDL) datasets. This knowledge gap constrains LLM performance in detecting vulnerabilities within HDL designs. To address this challenge, we propose SecureRAG-RTL, a novel Retrieval-Augmented Generation (RAG)-based approach that significantly enhances LLM-based security verification of hardware designs. Our approach integrates domain-specific retrieval with generative reasoning, enabling models to overcome inherent limitations in hardware security expertise. We establish baseline vulnerability detection rates using prompt-only methods and then demonstrate that SecureRAG-RTL achieves substantial improvements across diverse LLM architectures, regardless of size. On average, our method increases detection accuracy by about 30%, highlighting its effectiveness in bridging domain knowledge gaps. For evaluation, we curated and annotated a benchmark dataset of 14 HDL designs containing real-world security vulnerabilities, which we will release publicly to support future research. These findings underscore the potential of RAG-driven augmentation to enable scalable, efficient, and accurate hardware security verification workflows.","Touseef Hasan|Blessing Airehenbuwa|Nitin Pundir|Souvika Sarkar|Ujjwal Guin","","https://arxiv.org/abs/2603.05689v1","https://arxiv.org/pdf/2603.05689v1","","","","","cs.CR","cs.CR|cs.AI"
"2603.05261v1","2026-03-05 15:11:22","2026-03-05 15:11:22","Lambda-randomization: multi-dimensional randomized response made easy","Randomized response is a popular local anonymization approach that can deliver anonymized multi-dimensional data sets with rigorous privacy guarantees. At the same time, it can ensure validity for exploratory analysis and machine learning tasks as, under fairly general conditions, unbiased estimates of the underlying true distributions can be retrieved. However, and like for many other anonymization techniques, one of the main pitfalls of this approach is the curse of dimensionality. When coping with data sets with many attributes, one quickly runs into unsustainable computational costs for estimating true distributions, as well as a degradation in their accuracies. Relying on new theoretical insights developed in this paper, we propose an approach to multi-dimensional randomized response that avoids these traditional limitations. From simple yet intuitive parameterizations of the randomization matrices that we introduce, we develop a protocol called Lambda-randomization that entails low computational costs to retrieve estimates of multivariate distributions, and that makes use of solely three simple elements: a set of parameters ranging between 0 and 1 (one per attribute of the data set), the identity matrix, and the all-ones vector. We also present an empirical application to illustrate the proposed protocol.","Nicolas Ruiz","","https://arxiv.org/abs/2603.05261v1","https://arxiv.org/pdf/2603.05261v1","","","","","cs.CR","cs.CR"
"2603.05073v1","2026-03-05 11:40:26","2026-03-05 11:40:26","Robust Single-message Shuffle Differential Privacy Protocol for Accurate Distribution Estimation","Shuffler-based differential privacy (shuffle-DP) is a privacy paradigm providing high utility by involving a shuffler to permute noisy report from users. Existing shuffle-DP protocols mainly focus on the design of shuffler-based categorical frequency oracle (SCFO) for frequency estimation on categorical data. However, numerical data is a more prevalent type and many real-world applications depend on the estimation of data distribution with ordinal nature. In this paper, we study the distribution estimation under pure shuffle model, which is a prevalent shuffle-DP framework without strong security assumptions. We initially attempt to transplant existing SCFOs and the naïve distribution recovery technique to this task, and demonstrate that these baseline protocols cannot simultaneously achieve outstanding performance in three metrics: 1) utility, 2) message complexity; and 3) robustness to data poisoning attacks. Therefore, we further propose a novel single-message \textit{adaptive shuffler-based piecewise} (ASP) protocol with high utility and robustness. In ASP, we first develop a randomizer by parameter optimization using our proposed tighter bound of mutual information. We also design an \textit{Expectation Maximization with Adaptive Smoothing} (EMAS) algorithm to accurately recover distribution with enhanced robustness. To quantify robustness, we propose a new evaluation framework to examine robustness under different attack targets, enabling us to comprehensively understand the protocol resilience under various adversarial scenarios. Extensive experiments demonstrate that ASP outperforms baseline protocols in all three metrics. Especially under small $ε$ values, ASP achieves an order of magnitude improvement in utility with minimal message complexity, and exhibits over threefold robustness compared to baseline methods.","Xiaoguang Li|Hanyi Wang|Yaowei Huang|Jungang Yang|Qingqing Ye|Haonan Yan|Ke Pan|Zhe Sun|Hui Li","","https://arxiv.org/abs/2603.05073v1","https://arxiv.org/pdf/2603.05073v1","","This work was accepted by IEEE ICDE 2026","","","cs.CR","cs.CR"
"2603.05068v1","2026-03-05 11:37:47","2026-03-05 11:37:47","Cyber Threat Intelligence for Artificial Intelligence Systems","As artificial intelligence (AI) becomes deeply embedded in critical services and everyday products, it is increasingly exposed to security threats which traditional cyber defenses were not designed to handle. In this paper, we investigate how cyber threat intelligence (CTI) may evolve to address attacks that target AI systems. We first analyze the assumptions and workflows of conventional threat intelligence with the needs of AI-focused defense, highlighting AI-specific assets and vulnerabilities. We then review and organize the current landscape of AI security knowledge. Based on this, we outline what an AI-oriented threat intelligence knowledge base should contain, describing concrete indicators of compromise (IoC) for different AI supply-chain phases and artifacts, and showing how such a knowledge base could support security tools. Finally, we discuss techniques for measuring similarity between collected indicators and newly observed AI artifacts. The review reveals gaps and quality issues in existing resources and identifies potential future research directions toward a practical threat intelligence framework tailored to AI.","Natalia Krawczyk|Mateusz Szczepkowski|Adrian Brodzik|Krzysztof Bocianiak","","https://arxiv.org/abs/2603.05068v1","https://arxiv.org/pdf/2603.05068v1","","","","","cs.CR","cs.CR|cs.AI"
"2603.05035v2","2026-03-05 10:33:48","2026-03-06 09:41:14","Good-Enough LLM Obfuscation (GELO)","Large Language Models (LLMs) are increasingly served on shared accelerators where an adversary with read access to device memory can observe KV caches and hidden states, threatening prompt privacy for open-source models. Cryptographic protections such as MPC and FHE offer strong guarantees but remain one to two orders of magnitude too slow for interactive inference, while static obfuscation schemes break under multi-run statistical attacks once the model is known. We present GELO (Good-Enough LLM Obfuscation), a lightweight protocol for privacy-preserving inference that limits information leakage from untrusted accelerator observations by hiding hidden states with fresh, per-batch invertible mixing. For each offloaded projection, the TEE samples a random matrix $A$, forms $U = AH$, offloads $U$ and weights W to the accelerator, and then applies $A^{-1}$ on return, so that $A^{-1}((AH)W ) = HW$ and outputs are unchanged. Because mixing is never reused across batches, the attacker faces only a single-batch blind source separation problem. We analyse information leakage and introduce two practical defences: (i) non-orthogonal mixing to mask Gram matrices, and (ii) orthogonal mixing augmented with a small fraction of high-energy ""shield"" vectors that pollute higher-order statistics. On Llama-2 7B, GELO preserves float32 outputs exactly, closely matches low-precision baselines, offloads the dominant matrix multiplications with about 20-30% latency overhead, and defeats a range of ICA/BSS and anchor-based attacks.","Anatoly Belikov|Ilya Fedotov","","https://arxiv.org/abs/2603.05035v2","https://arxiv.org/pdf/2603.05035v2","","","","","cs.CR","cs.CR|cs.LG"
"2603.05005v1","2026-03-05 09:54:12","2026-03-05 09:54:12","A Practical Post-Quantum Distributed Ledger Protocol for Financial Institutions","Traditional financial institutions face inefficiencies that can be addressed by distributed ledger technology. However, a primary barrier to adoption is the privacy concerns surrounding publicly available transaction data. Existing private protocols for distributed ledger that focus on the Ring-CT model are not suitable for adoption for financial institutions. We propose a post-quantum, lattice-based transaction scheme for encrypted ledgers which better aligns with institutions' requirements for confidentiality and audit-ability. The construction leverages various zero-knowledge proof techniques, and introduces a new method for equating two commitment messages, without the capability to open one of the commitment during the re-commitment. Subsequently, we build a publicly verifiable transaction scheme that is efficient for single or multi-assets, by introducing a new compact range-proof. We then provide a security analysis of it. The techniques used and the proofs constructed could be of independent interest.","Yeoh Wei Zhu|Naresh Goud Boddu|Yao Ma|Shaltiel Eloul|Giulio Golinelli|Yash Satsangi|Rob Otter|Kaushik Chakraborty","","https://arxiv.org/abs/2603.05005v1","https://arxiv.org/pdf/2603.05005v1","","","","","cs.CR","cs.CR"
"2603.04952v1","2026-03-05 08:45:53","2026-03-05 08:45:53","Modification to Fully Homomorphic Modified Rivest Scheme","This document details the Fully Homomorphic Modified Rivest Scheme (FHMRS), a security issue in FHMRS, and a modification to FHMRS (mFHMRS) to mitigate the security issue.","Sona Alex|Bian Yang","","https://arxiv.org/abs/2603.04952v1","https://arxiv.org/pdf/2603.04952v1","","","","","cs.CR","cs.CR"
"2603.04915v1","2026-03-05 07:59:14","2026-03-05 07:59:14","EVMbench: Evaluating AI Agents on Smart Contract Security","Smart contracts on public blockchains now manage large amounts of value, and vulnerabilities in these systems can lead to substantial losses. As AI agents become more capable at reading, writing, and running code, it is natural to ask how well they can already navigate this landscape, both in ways that improve security and in ways that might increase risk. We introduce EVMbench, an evaluation that measures the ability of agents to detect, patch, and exploit smart contract vulnerabilities. EVMbench draws on 117 curated vulnerabilities from 40 repositories and, in the most realistic setting, uses programmatic grading based on tests and blockchain state under a local Ethereum execution environment. We evaluate a range of frontier agents and find that they are capable of discovering and exploiting vulnerabilities end-to-end against live blockchain instances. We release code, tasks, and tooling to support continued measurement of these capabilities and future work on security.","Justin Wang|Andreas Bigger|Xiaohai Xu|Justin W. Lin|Andy Applebaum|Tejal Patwardhan|Alpin Yukseloglu|Olivia Watkins","","https://arxiv.org/abs/2603.04915v1","https://arxiv.org/pdf/2603.04915v1","","","","","cs.LG","cs.LG|cs.AI|cs.CR"
"2603.04902v1","2026-03-05 07:45:31","2026-03-05 07:45:31","AgentSCOPE: Evaluating Contextual Privacy Across Agentic Workflows","Agentic systems are increasingly acting on users' behalf, accessing calendars, email, and personal files to complete everyday tasks. Privacy evaluation for these systems has focused on the input and output boundaries, but each task involves several intermediate information flows, from agent queries to tool responses, that are not currently evaluated. We argue that every boundary in an agentic pipeline is a site of potential privacy violation and must be assessed independently. To support this, we introduce the Privacy Flow Graph, a Contextual Integrity-grounded framework that decomposes agentic execution into a sequence of information flows, each annotated with the five CI parameters, and traces violations to their point of origin. We present AgentSCOPE, a benchmark of 62 multi-tool scenarios across eight regulatory domains with ground truth at every pipeline stage. Our evaluation across seven state-of-the-art LLMs show that privacy violations in the pipeline occur in over 80% of scenarios, even when final outputs appear clean (24%), with most violations arising at the tool-response stage where APIs return sensitive data indiscriminately. These results indicate that output-level evaluation alone substantially underestimates the privacy risk of agentic systems.","Ivoline C. Ngong|Keerthiram Murugesan|Swanand Kadhe|Justin D. Weisz|Amit Dhurandhar|Karthikeyan Natesan Ramamurthy","","https://arxiv.org/abs/2603.04902v1","https://arxiv.org/pdf/2603.04902v1","","","","","cs.CR","cs.CR|cs.AI"
"2603.04859v1","2026-03-05 06:34:06","2026-03-05 06:34:06","Osmosis Distillation: Model Hijacking with the Fewest Samples","Transfer learning is devised to leverage knowledge from pre-trained models to solve new tasks with limited data and computational resources. Meanwhile, dataset distillation has emerged to synthesize a compact dataset that preserves critical information from the original large dataset. Therefore, a combination of transfer learning and dataset distillation offers promising performance in evaluations. However, a non-negligible security threat remains undiscovered in transfer learning using synthetic datasets generated by dataset distillation methods, where an adversary can perform a model hijacking attack with only a few poisoned samples in the synthetic dataset. To reveal this threat, we propose Osmosis Distillation (OD) attack, a novel model hijacking strategy that targets deep learning models using the fewest samples. Comprehensive evaluations on various datasets demonstrate that the OD attack attains high attack success rates in hidden tasks while preserving high model utility in original tasks. Furthermore, the distilled osmosis set enables model hijacking across diverse model architectures, allowing model hijacking in transfer learning with considerable attack performance and model utility. We argue that awareness of using third-party synthetic datasets in transfer learning must be raised.","Yuchen Shi|Huajie Chen|Heng Xu|Zhiquan Liu|Jialiang Shen|Chi Liu|Shuai Zhou|Tianqing Zhu|Wanlei Zhou","","https://arxiv.org/abs/2603.04859v1","https://arxiv.org/pdf/2603.04859v1","","","","","cs.CR","cs.CR|cs.LG"
"2603.04801v1","2026-03-05 04:42:39","2026-03-05 04:42:39","ShieldBypass: On the Persistence of Impedance Leakage Beyond EM Shielding","Electromagnetic (EM) shielding is widely used to suppress radiated emissions and limit passive EM side-channel leakage. However, shielding does not address active probing, where an adversary injects external radio-frequency (RF) signals and observes the device's reflective response. This work studies whether such impedance-modulated backscattering persists when radiated emissions are suppressed by shielding. By injecting controlled RF signals and analyzing the reflections, we demonstrate that state-dependent impedance variations remain observable at frequencies outside the shields' primary attenuation band. Using processors implemented on FPGA and microcontroller prototypes, and evaluating workload profiles under three industry-standard shields, we find that passive EM measurements lose discriminative power under shielding, while backscattering responses remain separable. These results indicate that active RF probing can expose execution-dependent behavior even in shielded systems, motivating the need to consider active impedance-based probing within hardware security evaluation flows.","Md Sadik Awal|Md Tauhidur Rahman","","https://arxiv.org/abs/2603.04801v1","https://arxiv.org/pdf/2603.04801v1","","","","","cs.CR","cs.CR|cs.ET"
"2603.04742v1","2026-03-05 02:29:50","2026-03-05 02:29:50","Efficient Privacy-Preserving Sparse Matrix-Vector Multiplication Using Homomorphic Encryption","Sparse matrix-vector multiplication (SpMV) is a fundamental operation in scientific computing, data analysis, and machine learning. When the data being processed are sensitive, preserving privacy becomes critical, and homomorphic encryption (HE) has emerged as a leading approach for addressing this challenge. Although HE enables privacy-preserving computation, its application to SpMV has remained largely unaddressed. To the best of our knowledge, this paper presents the first framework that efficiently integrates HE with SpMV, addressing the dual challenges of computational efficiency and data privacy. In particular, we introduce a novel compressed matrix format, named Compressed Sparse Sorted Column (CSSC), which is specifically designed to optimize encrypted sparse matrix computations. By preserving sparsity and enabling efficient ciphertext packing, CSSC significantly reduces storage and computational overhead. Our experimental results on real-world datasets demonstrate that the proposed method achieves significant gains in both processing time and memory usage. This study advances privacy-preserving SpMV and lays the groundwork for secure applications in federated learning, encrypted databases, scientific computing, and beyond.","Yang Gao|Gang Quan|Wujie Wen|Scott Piersall|Qian Lou|Liqiang Wang","","https://arxiv.org/abs/2603.04742v1","https://arxiv.org/pdf/2603.04742v1","https://doi.org/10.1016/j.ins.2026.123180","43 pages, 8 tables, 10 figures","Information Sciences, Volume 739, 25 May 2026, 123180","10.1016/j.ins.2026.123180","cs.CR","cs.CR"
"2603.04696v1","2026-03-05 00:26:34","2026-03-05 00:26:34","When Denoising Becomes Unsigning: Theoretical and Empirical Analysis of Watermark Fragility Under Diffusion-Based Image Editing","Robust invisible watermarking systems aim to embed imperceptible payloads that remain decodable after common post-processing such as JPEG compression, cropping, and additive noise. In parallel, diffusion-based image editing has rapidly matured into a default transformation layer for modern content pipelines, enabling instruction-based editing, object insertion and composition, and interactive geometric manipulation. This paper studies a subtle but increasingly consequential interaction between these trends: diffusion-based editing procedures may unintentionally compromise, and in extreme cases practically bypass, robust watermarking mechanisms that were explicitly engineered to survive conventional distortions. We develop a unified view of diffusion editors that (i) inject substantial Gaussian noise in a latent space and (ii) project back to the natural image manifold via learned denoising dynamics. Under this view, watermark payloads behave as low-energy, high-frequency signals that are systematically attenuated by the forward diffusion step and then treated as nuisance variation by the reverse generative process. We formalize this degradation using information-theoretic tools, proving that for broad classes of pixel-level watermark encoders/decoders the mutual information between the watermark payload and the edited output decays toward zero as the editing strength increases, yielding decoding error close to random guessing. We complement the theory with a realistic hypothetical experimental protocol and tables spanning representative watermarking methods and representative diffusion editors. Finally, we discuss ethical implications, responsible disclosure norms, and concrete design guidelines for watermarking schemes that remain meaningful in the era of generative transformations.","Fai Gu|Qiyu Tang|Te Wen|Emily Davis|Finn Carter","","https://arxiv.org/abs/2603.04696v1","https://arxiv.org/pdf/2603.04696v1","","Preprint","","","cs.CR","cs.CR|cs.MM|eess.IV"
"2603.04662v1","2026-03-04 22:52:27","2026-03-04 22:52:27","Impact of 5G SA Logical Vulnerabilities on UAV Communications: Threat Models and Testbed Evaluation","This paper examines how logical vulnerabilities in 5G Standalone networks affect UAV command and control communication. The study looks at three attacker positions in the architecture: a malicious user equipment (UE) connected to the same logical network as the UAV, an attacker with access to the 5G core, and a compromised gNodeB. To test these scenarios, a testbed was created using Open5GS, UERANSIM, and Kubernetes. The setup simulates a UAV-GCS communication system over a 5G SA network and allows for controlled attacks on various network interfaces. The experiments reveal that attacks at different points in the architecture can disrupt UAV operations. These disruptions include manipulating control commands and terminating data sessions. The findings emphasize the need for isolation measures in the 5G user plane and integrity protection in UAV command protocols.","Wagner Comin Sonaglio|Ágney Lopes Roth Ferraz|Lourenço Alves Pereira Júnior","","https://arxiv.org/abs/2603.04662v1","https://arxiv.org/pdf/2603.04662v1","","","","","cs.CR","cs.CR"
"2603.04383v1","2026-03-04 18:47:12","2026-03-04 18:47:12","Turning Trust to Transactions: Tracking Affiliate Marketing and FTC Compliance in YouTube's Influencer Economy","YouTube has evolved into a powerful platform that where creators monetize their influence through affiliate marketing, raising concerns about transparency and ethics, especially when creators fail to disclose their affiliate relationships. Although regulatory agencies like the US Federal Trade Commission (FTC) have issued guidelines to address these issues, non-compliance and consumer harm persist, and the extent of these problems remains unclear. In this paper, we introduce tools, developed with insights from recent advances in Web measurement and NLP research, to examine the state of the affiliate marketing ecosystem on YouTube. We apply these tools to a 10-year dataset of 2 million videos from nearly 540,000 creators, analyzing the prevalence of affiliate marketing on YouTube and the rates of non-compliant behavior. Our findings reveal that affiliate links are widespread, yet dis- closure compliance remains low, with most videos failing to meet FTC standards. Furthermore, we analyze the effects of different stakeholders in improving disclosure behavior. Our study suggests that the platform is highly associated with improved compliance through standardized disclosure features. We recommend that regulators and affiliate partners collaborate with platforms to enhance transparency, accountability, and trust in the influencer economy.","Chen Sun|Yash Vekaria|Zubair Shafiq|Rishab Nithyanand","","https://arxiv.org/abs/2603.04383v1","https://arxiv.org/pdf/2603.04383v1","","ICWSM 2026","","","cs.CY","cs.CY|cs.CR|cs.IR|cs.LG|cs.SI"
"2603.04378v1","2026-03-04 18:41:45","2026-03-04 18:41:45","Robustness of Agentic AI Systems via Adversarially-Aligned Jacobian Regularization","As Large Language Models (LLMs) transition into autonomous multi-agent ecosystems, robust minimax training becomes essential yet remains prone to instability when highly non-linear policies induce extreme local curvature in the inner maximization. Standard remedies that enforce global Jacobian bounds are overly conservative, suppressing sensitivity in all directions and inducing a large Price of Robustness. We introduce Adversarially-Aligned Jacobian Regularization (AAJR), a trajectory-aligned approach that controls sensitivity strictly along adversarial ascent directions. We prove that AAJR yields a strictly larger admissible policy class than global constraints under mild conditions, implying a weakly smaller approximation gap and reduced nominal performance degradation. Furthermore, we derive step-size conditions under which AAJR controls effective smoothness along optimization trajectories and ensures inner-loop stability. These results provide a structural theory for agentic robustness that decouples minimax stability from global expressivity restrictions.","Furkan Mumcu|Yasin Yilmaz","","https://arxiv.org/abs/2603.04378v1","https://arxiv.org/pdf/2603.04378v1","","","","","cs.LG","cs.LG|cs.AI|cs.CR|cs.MA"
"2603.04324v1","2026-03-04 17:45:14","2026-03-04 17:45:14","Breaking Bad Email Habits: Bounding the Impact of Simulated Phishing Campaigns","Simulated phishing campaigns are widely deployed, yet the behavioral data they produce is endogenous: because training is triggered by clicking, the employees receiving intervention have already demonstrated susceptibility. This endogeneity, combined with the difficulty of separating genuine habit formation from stable individual differences, means standard analyses can mischaracterize program effectiveness. In this Research Note, we develop a generalizable analytic framework addressing both biases simultaneously. We utilize marginal structural models (MSMs) to correct for the endogenous, click-triggered assignment of training, while integrating correlated random effects (CRE) to disentangle true state dependence from stable employee heterogeneity. Applying the MSM+CRE estimator to logs from 17 campaigns delivered to university staff (192,840 observations) reveals that analyses ignoring stable differences overstate the causal persistence of clicking; most repeat clicking reflects who employees are, not the effect of recent failures. This persistence is context-dependent, amplifying when successive campaigns share persuasion cues. Teachable-moment features also matter: emotion framing and explicit reporting pitches can largely eliminate persistence, while annotated-email cues modestly exacerbate it. Finally, employees engaging with the education page exhibit greater persistence than those dismissing it, consistent with an emboldening mechanism. We contribute methodologically by integrating MSMs and CRE into a portable framework for analyzing standard simulation logs, and practically by identifying specific design levers so organizations can better sequence and evaluate their phishing programs.","Muhammad Zia Hydari|Idris Adjerid|Yingda Lu|Narayan Ramasubbu","","https://arxiv.org/abs/2603.04324v1","https://arxiv.org/pdf/2603.04324v1","","Main text and appendix included","","","cs.CR","cs.CR|cs.CY"
"2603.04323v1","2026-03-04 17:44:39","2026-03-04 17:44:39","PTOPOFL: Privacy-Preserving Personalised Federated Learning via Persistent Homology","Federated learning (FL) faces two structural tensions: gradient sharing enables data-reconstruction attacks, while non-IID client distributions degrade aggregation quality. We introduce PTOPOFL, a framework that addresses both challenges simultaneously by replacing gradient communication with topological descriptors derived from persistent homology (PH). Clients transmit only 48-dimensional PH feature vectors-compact shape summaries whose many-to-one structure makes inversion provably ill-posed-rather than model gradients. The server performs topology-guided personalised aggregation: clients are clustered by Wasserstein similarity between their PH diagrams, intra-cluster models are topology-weighted,and clusters are blended with a global consensus. We prove an information-contraction theorem showing that PH descriptors leak strictly less mutual information per sample than gradients under strongly convex loss functions, and we establish linear convergence of the Wasserstein-weighted aggregation scheme with an error floor strictly smaller than FedAvg. Evaluated against FedAvg, FedProx, SCAFFOLD, and pFedMe on a non-IID healthcare scenario (8 hospitals, 2 adversarial) and a pathological benchmark (10 clients), PTOPOFL achieves AUC 0.841 and 0.910 respectively-the highest in both settings-while reducing reconstruction risk by a factor of 4.5 relative to gradient sharing. Code is publicly available at https://github.com/MorillaLab/TopoFederatedL and data at https://doi.org/10.5281/zenodo.18827595.","Kelly L Vomo-Donfack|Adryel Hoszu|Grégory Ginot|Ian Morilla","","https://arxiv.org/abs/2603.04323v1","https://arxiv.org/pdf/2603.04323v1","","22 pages, 6 Figures","","","cs.LG","cs.LG|cs.CR|cs.DC|math.AT|stat.ML"
"2603.04261v1","2026-03-04 16:46:30","2026-03-04 16:46:30","Statistical Effort Modelling of Game Resource Localisation Attacks","Evidence on the effectiveness of Man-At-The-End (MATE) software protections, such as code obfuscation, has mainly come from limited empirical research. Recently, however, an automatable method was proposed to obtain statistical models of the required effort to attack (protected) software. The proposed method was sketched for a number of attack strategies but not instantiated, evaluated, or validated for those that require human interaction with the attacked software.
  In this paper, we present a full instantiation of the method to obtain statistical effort models for game resource localisation attacks, which represent a major step towards creating game cheats, a prime example of MATE attacks. We discuss in detail all relevant aspects of our instantiation and the results obtained for two game use cases. Our results confirm the feasibility of the proposed method and its utility for decision support for users of software protection tools. These results open up a new avenue for obtaining models of the impact of software protections on reverse engineering attacks, which will scale much better than empirical research involving human participants.","Alessandro Sanna|Waldo Verstraete|Leonardo Regano|Davide Maiorca|Bjorn De Sutter","","https://arxiv.org/abs/2603.04261v1","https://arxiv.org/pdf/2603.04261v1","","","","","cs.CR","cs.CR"
"2603.04199v1","2026-03-04 15:46:24","2026-03-04 15:46:24","Bayesian Adversarial Privacy","Theoretical and applied research into privacy encompasses an incredibly broad swathe of differing approaches, emphasis and aims. This work introduces a new quantitative notion of privacy that is both contextual and specific. We argue that it provides a more meaningful notion of privacy than the widely utilised framework of differential privacy and a more explicit and rigorous formulation than what is commonly used in statistical disclosure theory. Our definition relies on concepts inherent to standard Bayesian decision theory, while departing from it in several important respects. In particular, the party controlling the release of sensitive information should make disclosure decisions from the prior viewpoint, rather than conditional on the data, even when the data is itself observed. Illuminating toy examples and computational methods are discussed in high detail in order to highlight the specificities of the method.","Cameron Bell|Timothy Johnston|Antoine Luciano|Christian P Robert","","https://arxiv.org/abs/2603.04199v1","https://arxiv.org/pdf/2603.04199v1","","","","","math.ST","math.ST|cs.CR|cs.LG|stat.ME"
"2603.04186v1","2026-03-04 15:38:21","2026-03-04 15:38:21","CAM-LDS: Cyber Attack Manifestations for Automatic Interpretation of System Logs and Security Alerts","Log data are essential for intrusion detection and forensic investigations. However, manual log analysis is tedious due to high data volumes, heterogeneous event formats, and unstructured messages. Even though many automated methods for log analysis exist, they usually still rely on domain-specific configurations such as expert-defined detection rules, handcrafted log parsers, or manual feature-engineering. Crucially, the level of automation of conventional methods is limited due to their inability to semantically understand logs and explain their underlying causes. In contrast, Large Language Models enable domain- and format-agnostic interpretation of system logs and security alerts. Unfortunately, research on this topic remains challenging, because publicly available and labeled data sets covering a broad range of attack techniques are scarce. To address this gap, we introduce the Cyber Attack Manifestation Log Data Set (CAM-LDS), comprising seven attack scenarios that cover 81 distinct techniques across 13 tactics and collected from 18 distinct sources within a fully open-source and reproducible test environment. We extract log events that directly result from attack executions to facilitate analysis of manifestations concerning command observability, event frequencies, performance metrics, and intrusion detection alerts. We further present an illustrative case study utilizing an LLM to process the CAM-LDS. The results indicate that correct attack techniques are predicted perfectly for approximately one third of attack steps and adequately for another third, highlighting the potential of LLM-based log interpretation and utility of our data set.","Max Landauer|Wolfgang Hotwagner|Thorina Boenke|Florian Skopik|Markus Wurzenberger","","https://arxiv.org/abs/2603.04186v1","https://arxiv.org/pdf/2603.04186v1","","","","","cs.CR","cs.CR|cs.AI"
"2603.04168v1","2026-03-04 15:24:47","2026-03-04 15:24:47","OMNIINTENT: A Trusted Intent-Centric Framework for User-Friendly Web3","The increasingly complex Web3 ecosystem and decentralized finance (DeFi) landscape demand ever higher levels of technical expertise and financial literacy from participants. The Intent-Centric paradigm in DeFi has thus emerged in response, which allows users to focus on their trading intents rather than the underlying execution details. However, existing approaches, including Typed-intent design and LLM-driven solver, trade off expressiveness, trust, privacy, and composability.
  We present OMNIINTENT, a language-runtime co-design that reconciles these requirements. OMNIINTENT introduces ICL, a domain-specific Intent-Centric Language for precise yet flexible specification of triggers, actions, and runtime constraints; a Trusted Execution Environment (TEE)-based compiler that compiles intents into signed, state-bound transactions inside an enclave; and an execution optimizer that constructs transaction dependency graphs for safe parallel batch submission and a mempool-aware feasibility checker that predicts execution outcomes. Our full-stack prototype processes diverse DeFi scenarios, achieving 89.6% intent coverage, up to 7.3x throughput speedup via parallel execution, and feasibility-prediction accuracy up to 99.2% with low latency.","Zhuoran Pan|Yue Li|Zhi Guan|Jianbin Hu|Zhong Chen","","https://arxiv.org/abs/2603.04168v1","https://arxiv.org/pdf/2603.04168v1","","","","","cs.CR","cs.CR"
"2603.04028v1","2026-03-04 13:05:46","2026-03-04 13:05:46","A Multi-Dimensional Quality Scoring Framework for Decentralized LLM Inference with Proof of Quality","Decentralized large language model (LLM) inference networks can pool heterogeneous compute to scale serving, but they require lightweight and incentive-compatible mechanisms to assess output quality. Prior work introduced cost-aware Proof of Quality (PoQ) and adaptive robust PoQ to allocate rewards under evaluator heterogeneity and adversarial behavior. In this paper, we focus on the quality signal itself and propose a multi-dimensional quality scoring framework that decomposes output quality into modular dimensions, including model and cost priors, structure quality, semantic quality, query-output alignment, and agreement/uncertainty. Using logged outputs from QA and summarization tasks, we systematically audit dimension reliability and show that seemingly reasonable dimensions can be task-dependent and even negatively correlated with reference quality without calibration. While the default composite underperforms a strong single semantic evaluator, ablations reveal that removing unreliable dimensions and re-normalizing weights yields a calibrated composite that matches or exceeds the best single- evaluator and consensus baselines. Finally, we integrate the composite score as a drop-in quality signal in PoQ and demonstrate complementary benefits with robust aggregation and adaptive trust weighting under adversarial evaluator attacks.","Arther Tian|Alex Ding|Frank Chen|Simon Wu|Aaron Chan","","https://arxiv.org/abs/2603.04028v1","https://arxiv.org/pdf/2603.04028v1","","","","","cs.LG","cs.LG|cs.AI|cs.CR"
"2603.05541v1","2026-03-04 12:05:45","2026-03-04 12:05:45","Privacy-Preserving Collaborative Medical Image Segmentation Using Latent Transform Networks","Collaborative training across multiple institutions is becoming essential for building reliable medical image segmentation models. However, privacy regulations, data silos, and uneven data availability prevent hospitals from sharing raw scans or annotations, limiting the ability to train generalizable models. Latent-space collaboration frameworks such as privacy-segmentation framework (SF) offer a promising alternative, but such methods still face challenges in segmentation accuracy and vulnerability to latent inversion and membership-inference attacks. This work introduces a privacy-preserving collaborative medical image segmentation framework (PPCMI-SF) designed for heterogeneous medical datasets. The approach combines skip-connected autoencoders for images and masks with a keyed latent transform that applies client-specific orthogonal mixing and permutation to protect latent features before they are shared. A unified mapping network on the server-side performs multi-scale latent-to-latent translation, enabling segmentation inference without exposing raw data. Experiments on four datasets: PSFH ultrasound, ultrasound nerve segmentation, FUMPE CTA, and cardiac MRI show that the proposed PPCMI-SF consistently achieves high Dice scores and improved boundary accuracy, as reflected by lower 95th percentile Hausdorff distance (HD95) and average symmetric surface distance (ASD) compared to the current state-of-the-art and performs competitively with privacy-agnostic baselines. Privacy tests confirm strong resistance to inversion and membership attacks, and the overall system achieves real-time inference with low communication overhead. These results demonstrate that accurate and efficient medical image segmentation can be achieved without compromising data privacy in multi-institution settings.","Saheed Ademola Bello|Muhammad Shahid Jabbar|Muhammad Sohail Ibrahim|Shujaat Khan","","https://arxiv.org/abs/2603.05541v1","https://arxiv.org/pdf/2603.05541v1","","14 pages, 8 figures","","","q-bio.QM","q-bio.QM|cs.CR|eess.IV"
"2603.03919v1","2026-03-04 10:27:09","2026-03-04 10:27:09","When Safety Becomes a Vulnerability: Exploiting LLM Alignment Homogeneity for Transferable Blocking in RAG","Retrieval-Augmented Generation (RAG) enhances the capabilities of large language models (LLMs) by incorporating external knowledge, but its reliance on potentially poisonable knowledge bases introduces new availability risks. Attackers can inject documents that cause LLMs to refuse benign queries, attacks known as blocking attacks. Prior blocking attacks relying on adversarial suffixes or explicit instruction injection are increasingly ineffective against modern safety-aligned LLMs. We observe that safety-aligned LLMs exhibit heightened sensitivity to query-relevant risk signals, causing alignment mechanisms designed for harm prevention to become a source of exploitable refusal. Moreover, mainstream alignment practices share overlapping risk categories and refusal criteria, a phenomenon we term alignment homogeneity, enabling restricted risk context constructed on an accessible LLM to transfer across LLMs. Based on this insight, we propose TabooRAG, a transferable blocking attack framework operating under a strict black-box setting. An attacker can generate a single retrievable blocking document per query by optimizing against a surrogate LLM in an accessible RAG environment, and directly transfer it to an unknown target RAG system without access to the target model. We further introduce a query-aware strategy library to reuse previously effective strategies and improve optimization efficiency. Experiments across 7 modern LLMs and 3 datasets demonstrate that TabooRAG achieves stable cross-model transferability and state-of-the-art blocking success rates, reaching up to 96% on GPT-5.2. Our findings show that increasingly standardized safety alignment across modern LLMs creates a shared and transferable attack surface in RAG systems, revealing a need for improved defenses.","Junchen Li|Chao Qi|Rongzheng Wang|Qizhi Chen|Liang Xu|Di Liang|Bob Simons|Shuang Liang","","https://arxiv.org/abs/2603.03919v1","https://arxiv.org/pdf/2603.03919v1","","","","","cs.CR","cs.CR"
"2603.03911v1","2026-03-04 10:18:01","2026-03-04 10:18:01","From Threat Intelligence to Firewall Rules: Semantic Relations in Hybrid AI Agent and Expert System Architectures","Web security demands rapid response capabilities to evolving cyber threats. Agentic Artificial Intelligence (AI) promises automation, but the need for trustworthy security responses is of the utmost importance. This work investigates the role of semantic relations in extracting information for sensitive operational tasks, such as configuring security controls for mitigating threats. To this end, it proposes to leverage hypernym-hyponym textual relations to extract relevant information from Cyber Threat Intelligence (CTI) reports. By leveraging a neuro-symbolic approach, the multi-agent system automatically generates CLIPS code for an expert system creating firewall rules to block malicious network traffic. Experimental results show the superior performance of the hypernym-hyponym retrieval strategy compared to various baselines and the higher effectiveness of the agentic approach in mitigating threats.","Chiara Bonfanti|Davide Colaiacomo|Luca Cagliero|Cataldo Basile","","https://arxiv.org/abs/2603.03911v1","https://arxiv.org/pdf/2603.03911v1","","","","","cs.AI","cs.AI|cs.CL|cs.CR"
"2603.03906v2","2026-03-04 10:12:34","2026-03-05 08:30:34","Measuring Privacy vs. Fidelity in Synthetic Social Media Datasets","Synthetic data is increasingly used to support research without exposing sensitive user content. Social media data is one of the types of datasets that would hugely benefit from representative synthetic equivalents that can be used to bootstrap research and allow reproducibility through data sharing. However, recent studies show that (tabular) synthetic data is not inherently privacy-preserving. Much less is known, however, about the privacy risks of synthetically generated unstructured texts. This work evaluates the privacy of synthetic Instagram posts generated by three state-of-the-art large language models using two prompting strategies. We propose a methodology that quantifies privacy by framing re-identification as an authorship attribution attack. A RoBERTa-large classifier trained on real posts achieved 81\% accuracy in authorship attribution on real data, but only 16.5--29.7\% on synthetic posts, showing reduced, though non-negligible, risk. Fidelity was assessed via text traits, sentiment, topic overlap, and embedding similarity, confirming the expected trade-off: higher fidelity coincides with greater privacy leakage. This work provides a framework for evaluating privacy in synthetic text and demonstrates the privacy--fidelity tension in social media datasets.","Henry Tari|Adriana Iamnitchi","","https://arxiv.org/abs/2603.03906v2","https://arxiv.org/pdf/2603.03906v2","","","","","cs.CR","cs.CR"
